{"0": [4.056176420476461, 45, 173], "1": [2.794416399067503, 37, 162], "2": [4.446486458999438, 25, 75], "3": [4.017726702634214, 44, 169], "4": [7.412167801277334, 59, 166], "5": [2.5455481640687934, 31, 136], "6": [1.257656291045065, 2, 6], "7": [9.053642148602396, 66, 164], "8": [2.8064443861861337, 38, 167], "9": [1.0645812948447542, 23, 125], "10": [3.7262688925731697, 39, 151], "11": [0.560112033611204, 1, 4], "12": [4.346114614417506, 33, 111], "13": [1.386206560167344, 1, 2], "14": [6.169484023916153, 49, 148], "15": [3.7575726325197705, 16, 46], "16": [4.916292774085254, 44, 150], "17": [0.9925260536819817, 15, 79], "18": [6.509850325507046, 57, 175], "19": [7.624136080920392, 50, 128], "20": [3.6732772217464125, 44, 177], "21": [6.9332552247270165, 59, 175], "22": [5.354025799742002, 45, 146], "23": [5.554444333311105, 30, 81], "24": [1.8251100044266824, 28, 136], "25": [7.5277265270908105, 58, 160], "26": [0.16169041669088882, 2, 12], "27": [4.522852264182828, 44, 158], "28": [1.386206560167344, 1, 2], "29": [4.7882562573677605, 43, 148], "30": [0.560112033611204, 1, 4], "31": [11.694395090109722, 73, 148], "32": [5.890608428581108, 52, 166], "33": [5.965587590013046, 45, 135], "34": [-1.6465812905909214, 9, 99], "35": [1.386206560167344, 1, 2], "36": [5.615264401245963, 53, 176], "37": [6.866772064398918, 56, 164], "38": [5.061710682435311, 23, 60], "39": [5.974141390591205, 46, 139], "40": [10.079121553511978, 73, 172], "41": [4.442691516005625, 43, 155], "42": [9.725716536103944, 60, 133], "43": [-0.18046872246266024, 17, 118], "44": [4.347107909192476, 23, 68], "45": [8.003514685214542, 54, 137], "46": [8.180959881038618, 50, 120], "47": [0.560112033611204, 1, 4], "48": [4.230298433515218, 41, 150], "49": [6.114331579540083, 49, 149], "50": [3.6316498475950785, 40, 158], "51": [-0.3267320196065355, 1, 9], "52": [11.161809806552535, 71, 149], "53": [8.815570640309437, 66, 168], "54": [6.679725771574928, 59, 180], "55": [6.920707095054459, 56, 163], "56": [8.634894527947168, 71, 190], "57": [0.058395716247378694, 14, 92], "58": [1.7149858514250884, 30, 150], "59": [6.654891561802222, 56, 168], "60": [1.8355975472792307, 25, 119], "61": [4.629850435067082, 41, 142], "62": [6.107974053251997, 53, 166], "63": [5.808307335922156, 53, 172], "64": [4.011899137017078, 39, 145], "65": [7.140721430489044, 58, 167], "66": [-0.8840866447369841, 14, 116], "67": [3.6966906393591827, 36, 137], "68": [4.151683431213991, 44, 166], "69": [1.386206560167344, 1, 2], "70": [11.314968868676077, 80, 176], "71": [5.692018734857608, 52, 170], "72": [2.279672549246228, 31, 142], "73": [6.97503935830235, 56, 162], "74": [4.679901980195441, 46, 164], "75": [4.832846095633818, 48, 170], "76": [3.5023682315022646, 36, 141], "77": [0.4455663943395036, 21, 128], "78": [11.121523527405701, 73, 156], "79": [3.6799178884364627, 39, 152], "80": [11.176046920436665, 72, 152], "81": [7.306322805705787, 57, 160], "82": [-1.5434872662825794, 9, 96], "83": [7.304146081239614, 58, 164], "84": [3.5261598479614435, 32, 121], "85": [2.4110351934195124, 31, 139], "86": [9.74176374094105, 68, 160], "87": [2.298313780106203, 32, 147], "88": [8.945268319728758, 50, 110], "89": [5.0279331782371495, 50, 175], "90": [1.984576666529896, 31, 149], "91": [1.386206560167344, 1, 2], "92": [7.197883286739499, 44, 112], "93": [-0.36403567724464025, 16, 116], "94": [5.173047633241468, 38, 119], "95": [10.935629530209049, 74, 162], "96": [3.689779280738741, 37, 142], "97": [2.7300837167412877, 31, 132], "98": [6.976457860269882, 52, 146], "99": [2.567828482438735, 22, 89], "100": [8.441004543779917, 64, 167], "101": [2.236558491197319, 31, 143], "102": [1.034154100442304, 29, 162], "103": [0.6439209162167848, 21, 123], "104": [2.559178438484701, 35, 157], "105": [8.961792537779264, 60, 144], "106": [3.4998177305672833, 37, 146], "107": [0.45732956038002404, 16, 96], "108": [7.624136080920392, 50, 128], "109": [5.427277189404629, 53, 180], "110": [6.017316357121543, 50, 155], "111": [2.430763542135575, 37, 171], "112": [6.012798881473129, 43, 126], "113": [1.386206560167344, 1, 2], "114": [0.45732956038002404, 16, 96], "115": [5.808307335922156, 53, 172], "116": [7.784868260495871, 62, 171], "117": [3.9463470581117006, 41, 156], "118": [-0.12964074471043283, 6, 42], "119": [5.793108172802428, 45, 138], "120": [3.072117917126885, 44, 192], "121": [10.569002714043226, 75, 171], "122": [5.939279396158088, 48, 148], "123": [1.875500654919671, 33, 163], "124": [8.625152840962535, 58, 142], "125": [6.332564782211165, 48, 141], "126": [5.951472140557736, 49, 152], "127": [8.775438363917026, 65, 165], "128": [3.689779280738741, 37, 142], "129": [5.091785599350712, 40, 129], "130": [5.333712300941489, 51, 173], "131": [3.417408480243948, 42, 173], "132": [2.7602863992230278, 34, 147], "133": [0.4564678118088684, 27, 166], "134": [6.3874314602200775, 55, 169], "135": [6.977436551935555, 57, 166], "136": [1.386206560167344, 1, 2], "137": [4.653762649549263, 40, 137], "138": [9.537405437961317, 55, 119], "139": [1.386206560167344, 1, 2], "140": [5.322906474223771, 40, 125], "141": [7.768715542254755, 57, 152], "142": [2.1184358300119244, 22, 97], "143": [3.2181984072011125, 32, 127], "144": [5.001452221930129, 41, 135], "145": [0.31311214554257477, 20, 125], "146": [6.863515362935739, 55, 160], "147": [0.011320593513522235, 23, 153], "148": [5.165852681094532, 48, 163], "149": [0.6760662577400472, 20, 116], "150": [7.250489759577968, 57, 161], "151": [1.386206560167344, 1, 2], "152": [8.716673227605973, 62, 155], "153": [0.5519628988322166, 20, 119], "154": [3.339862885787464, 43, 180], "155": [5.75649675601062, 50, 160], "156": [2.664064967092972, 29, 123], "157": [7.025712612470648, 42, 107], "158": [6.50907244795524, 46, 130], "159": [1.386206560167344, 1, 2], "160": [2.139843423485831, 26, 118], "161": [4.581303447978417, 50, 185], "162": [6.861262498762389, 54, 156], "163": [4.667637921879328, 44, 155], "164": [1.386206560167344, 1, 2], "165": [1.3664060415030006, 23, 118], "166": [-0.1980295085953348, 1, 8], "167": [6.802785493202872, 51, 145], "168": [3.6767236081286754, 40, 157], "169": [0.2556549962824568, 19, 120], "170": [2.214037213850238, 21, 90], "171": [9.615432806240149, 68, 162], "172": [-0.05292561240249636, 1, 7], "173": [8.84138353406074, 62, 153], "174": [8.087661930533825, 60, 158], "175": [1.5849639512126452, 27, 136], "176": [3.6299408518921212, 42, 168], "177": [5.898029220545001, 49, 153], "178": [1.0237813937779827, 24, 132], "179": [6.976457860269882, 52, 146], "180": [-0.12964074471043283, 6, 42], "181": [0.560112033611204, 1, 4], "182": [4.123105625617661, 3, 3], "183": [5.053738121446545, 38, 121], "184": [5.885046821485926, 42, 124], "185": [4.445767081738564, 40, 141], "186": [8.02584098672248, 53, 133], "187": [7.362577481413106, 57, 159], "188": [4.539557998922352, 43, 153], "189": [4.123105625617661, 3, 3], "190": [4.123105625617661, 3, 3], "191": [2.0463049221517937, 17, 72], "192": [0.560112033611204, 1, 4], "193": [1.386206560167344, 1, 2], "194": [2.640943472617848, 26, 108], "195": [3.266559140971407, 33, 131], "196": [5.79236995124784, 49, 155], "197": [3.5216690670859427, 28, 102], "198": [8.101706708615714, 64, 173], "199": [9.718222587869642, 42, 77], "200": [5.772196321771628, 43, 130], "201": [0.7669649888473704, 21, 120], "202": [4.898588988615789, 47, 164], "203": [4.123105625617661, 3, 3], "204": [7.089551601199103, 59, 172], "205": [3.2776186584393554, 39, 161], "206": [2.9405881764588218, 39, 169], "207": [3.479661365318027, 27, 98], "208": [0.16169041669088882, 2, 12], "209": [7.783001622525129, 52, 133], "210": [3.963369747860963, 39, 146], "211": [5.542688539942328, 54, 182], "212": [5.093707018288094, 45, 151], "213": [1.1859936859924187, 17, 87], "214": [6.4137198620719165, 40, 108], "215": [5.87249004114094, 47, 145], "216": [7.249275170192326, 58, 165], "217": [3.0769769441524812, 34, 140], "218": [3.086974532565159, 36, 150],