{"0": [8.879815630712125, 79, 216], "1": [6.672214375003399, 72, 236], "2": [7.515165890389334, 62, 176], "3": [6.001109775279999, 63, 212], "4": [3.9210952304257676, 50, 201], "5": [2.5561279731490707, 44, 206], "6": [-0.1980295085953348, 1, 8], "7": [5.295361146626604, 55, 192], "8": [5.6233239895080604, 63, 221], "9": [6.267003840678179, 70, 237], "10": [5.117081123310062, 62, 229], "11": [4.521537944298063, 60, 235], "12": [5.688304913487829, 49, 157], "13": [7.55254912049361, 73, 220], "14": [7.8316867872024325, 81, 247], "15": [6.884639730858999, 75, 244], "16": [7.493352173585972, 71, 213], "17": [11.166463432612243, 91, 216], "18": [3.6339105178405857, 39, 153], "19": [4.642643899511548, 58, 222], "20": [3.9631798275684185, 53, 215], "21": [3.360672201667224, 36, 144], "22": [4.588235294117648, 54, 204], "23": [6.837521385654433, 65, 202], "24": [7.46599998135199, 65, 189], "25": [4.423092640234486, 55, 213], "26": [1.1148841876707014, 33, 184], "27": [4.554678697692702, 53, 200], "28": [7.728519591937142, 71, 208], "29": [4.202331694633378, 50, 194], "30": [2.7471532535451866, 47, 217], "31": [5.277612150107969, 56, 197], "32": [2.5335710601546433, 36, 163], "33": [5.097970656333186, 60, 220], "34": [4.604091780930434, 58, 223], "35": [6.068364882819549, 62, 206], "36": [7.529411764705884, 69, 204], "37": [5.816899271566414, 66, 230], "38": [6.667366910003157, 66, 210], "39": [4.973582908337589, 48, 167], "40": [5.541788681323597, 63, 223], "41": [3.8666604166971275, 57, 238], "42": [5.0066057031756515, 54, 194], "43": [7.145967863901679, 68, 208], "44": [8.903678694682197, 85, 239], "45": [5.286784384345527, 61, 220], "46": [7.250762072525492, 74, 231], "47": [5.231736727167179, 59, 212], "48": [6.7972942084442485, 69, 220], "49": [7.224685351721038, 66, 198], "50": [5.565325747764728, 57, 195], "51": [8.633339399725658, 81, 229], "52": [8.77428213982402, 81, 226], "53": [6.06269762737747, 66, 224], "54": [5.433441049641442, 57, 198], "55": [6.46091886023506, 61, 193], "56": [4.529035777674346, 51, 191], "57": [5.2344139049659315, 56, 198], "58": [0.7378988555115866, 35, 208], "59": [8.262106714106677, 74, 209], "60": [7.097667718201596, 72, 226], "61": [3.7685117317409147, 51, 210], "62": [3.0681057676534387, 47, 208], "63": [6.0015627405050305, 67, 230], "64": [6.757600045211371, 66, 208], "65": [4.52706307064521, 47, 172], "66": [1.6109052040154277, 22, 107], "67": [6.651937798832877, 68, 219], "68": [5.958372939858951, 65, 222], "69": [9.803189672657119, 70, 166], "70": [1.386206560167344, 1, 2], "71": [3.8504607322154065, 53, 218], "72": [9.070369614203802, 80, 216], "73": [7.581710492784627, 70, 207], "74": [5.635186617872014, 60, 207], "75": [7.1528095991296174, 73, 229], "76": [11.084512173093053, 90, 214], "77": [6.474109898119007, 65, 210], "78": [6.107011024553858, 64, 214], "79": [4.5483833543969086, 49, 181], "80": [7.32709181802739, 67, 200], "81": [3.2558931702582705, 51, 224], "82": [4.83635961561491, 54, 198], "83": [5.916888101149993, 61, 205], "84": [5.504263689859617, 69, 252], "85": [0.31311214554257477, 1, 5], "86": [6.084204843029218, 65, 219], "87": [4.83060519098975, 59, 222], "88": [4.838411785655709, 58, 217], "89": [7.5670515705205075, 63, 179], "90": [3.5148761506423467, 52, 222], "91": [7.274101980206353, 72, 222], "92": [2.448033879508782, 42, 198], "93": [4.79681569516303, 34, 108], "94": [7.803552065348275, 77, 231], "95": [6.99829911308387, 71, 224], "96": [3.022927269760968, 43, 188], "97": [5.068735960878595, 59, 216], "98": [8.068387916589522, 73, 209], "99": [6.981063818697726, 73, 233], "100": [3.520704211270425, 47, 196], "101": [6.667024961795393, 69, 223], "102": [5.233445861211607, 66, 245], "103": [4.562564351771083, 52, 195], "104": [6.924880085198112, 72, 230], "105": [4.817283510361641, 61, 232], "106": [6.841182117434097, 69, 219], "107": [11.056994719939997, 89, 211], "108": [2.063105193557705, 42, 209], "109": [6.688689116075232, 73, 240], "110": [5.598869433695899, 62, 217], "111": [5.092285591855548, 47, 160], "112": [8.021434543222778, 74, 214], "113": [5.897997771191368, 66, 228], "114": [5.496470332294152, 54, 183], "115": [5.0782453958119484, 62, 230], "116": [2.699206232527312, 39, 175], "117": [6.000096116108265, 65, 221], "118": [4.004374358823391, 55, 224], "119": [7.629533425948224, 60, 166], "120": [4.849204982925968, 62, 236], "121": [5.3944890654243505, 62, 222], "122": [6.382625260215127, 62, 199], "123": [7.109569731917036, 69, 213], "124": [6.549441493746136, 67, 217], "125": [9.360521960159975, 77, 199], "126": [4.132055358571105, 47, 181], "127": [3.1784936080557813, 47, 205], "128": [4.504731884522417, 49, 182], "129": [5.958372939858951, 65, 222], "130": [4.798850075125605, 58, 218], "131": [3.9238913606582027, 46, 181], "132": [3.012705460884163, 51, 231], "133": [4.397360793585227, 52, 199], "134": [8.40170115724126, 79, 226], "135": [7.318798559208983, 72, 221], "136": [6.086704908032218, 58, 188], "137": [5.901700209217437, 58, 192], "138": [4.897619246262723, 56, 206], "139": [4.988527943707645, 59, 218], "140": [5.527054515141596, 64, 228], "141": [4.497074010403566, 56, 216], "142": [6.882235410643638, 72, 231], "143": [5.811710052808163, 64, 221], "144": [7.872039984155353, 68, 193], "145": [3.7167813252566413, 46, 186], "146": [7.283958209492977, 73, 226], "147": [8.743412564067635, 77, 211], "148": [5.541788681323597, 63, 223], "149": [5.505088663078383, 50, 165], "150": [6.725086735618835, 70, 226], "151": [8.40170115724126, 79, 226], "152": [5.958372939858951, 65, 222], "153": [5.035386760290421, 55, 198], "154": [4.908776648669034, 55, 201], "155": [6.63988428329091, 70, 228], "156": [6.3420048485791645, 65, 213], "157": [0.11433239009500601, 1, 6], "158": [4.4034001967689465, 51, 194], "159": [6.124736342609096, 67, 227], "160": [5.851434869227182, 62, 211], "161": [2.664064967092972, 29, 123], "162": [8.544468292294804, 85, 247], "163": [7.522942049278628, 75, 229], "164": [1.955384722187607, 39, 195], "165": [5.166709921166332, 61, 223], "166": [9.014273128909906, 81, 221], "167": [8.793194040728801, 77, 210], "168": [3.880907741600557, 47, 187], "169": [3.4191367761777927, 49, 209], "170": [6.443427934031698, 63, 202], "171": [6.15686274509804, 62, 204], "172": [6.146334231337152, 66, 222], "173": [0.9201840552184067, 34, 196], "174": [6.4794855817167605, 68, 223], "175": [6.739555905756184, 68, 217], "176": [8.021434543222778, 74, 214], "177": [3.478177364027723, 56, 244], "178": [3.9618927834110536, 48, 190], "179": [6.868255170239942, 71, 227], "180": [6.376868242708471, 67, 221], "181": [7.434234792135846, 69, 206], "182": [7.650024563162754, 74, 222], "183": [5.262908864750565, 63, 230], "184": [4.629006601348597, 54, 203], "185": [1.5542801637901493, 37, 195], "186": [5.107885838344134, 63, 234], "187": [6.429398047558223, 54, 164], "188": [6.324563791020201, 58, 183], "189": [3.374093214705368, 48, 205], "190": [3.381997707972616, 49, 210], "191": [4.192587505884936, 54, 214], "192": [5.5924965891404455, 60, 208], "193": [3.97705839334203, 58, 240], "194": [6.566427477835536, 73, 243], "195": [6.458613428338491, 64, 206], "196": [5.01856648246795, 60, 222], "197": [8.554972430240932, 75, 207], "198": [5.0279331782371495, 50, 175], "199": [8.03286089882981, 78, 230], "200": [9.084831872600452, 86, 239], "201": [3.970264582180251, 56, 230], "202": [4.154164249283096, 56, 225], "203": [6.5680871437583725, 62, 195], "204": [5.635186617872014, 60, 207], "205": [9.463774363861601, 69, 168], "206": [5.497474167490215, 56, 192], "207": [8.729958142660353, 80, 223], "208": [3.093633595238461, 46, 202], "209": [7.375257493530076, 67, 199], "210": [8.859502321642099, 75, 201], "211": [8.554972430240932, 75, 207], "212": [9.892025087572303, 87, 226], "213": [9.567361015952692, 72, 177], "214": [5.049797736314766, 54, 193], "215": [6.000096116108265, 65, 221], "216": [3.138953567685946, 50, 222], "217": [11.00203458801333, 89, 212],