{"0": [-4.83508476073201, 14, 289], "1": [-4.669474472318605, 14, 279], "2": [-4.471685266133458, 16, 287], "3": [-4.719617349887185, 14, 282], "4": [-4.522500280787474, 16, 290], "5": [-5.282658958440489, 11, 286], "6": [-4.236814761232839, 17, 283], "7": [-4.702947675407917, 14, 281], "8": [-4.8904963978415354, 12, 272], "9": [-4.686954836452474, 15, 290], "10": [-4.50560709390189, 16, 289], "11": [-5.8527226923501425, 8, 291], "12": [-4.386075487704345, 16, 282], "13": [-5.371217327330889, 10, 281], "14": [-4.802308945699703, 14, 287], "15": [-5.524379203298241, 10, 291], "16": [-5.16456242756213, 12, 289], "17": [-5.274047808483397, 12, 296], "18": [-4.484703866312089, 15, 278], "19": [-4.460151541742133, 17, 296], "20": [-5.3137918139748175, 11, 288], "21": [-4.635820656191009, 14, 277], "22": [-4.386075487704345, 16, 282], "23": [-3.6266530153556964, 21, 286], "24": [-2.9730059338473396, 24, 278], "25": [-3.8311487142721767, 19, 279], "26": [-4.867692225194438, 14, 291], "27": [-4.501809320709319, 15, 279], "28": [-5.432925902911714, 10, 285], "29": [-4.719617349887185, 14, 282], "30": [-3.882661758038734, 20, 291], "31": [-4.785857175515051, 14, 286], "32": [-4.736242827389952, 14, 283], "33": [-4.2890553925896135, 17, 286], "34": [-3.663483562662891, 20, 279], "35": [-4.951457769823531, 13, 286], "36": [-4.323644270998144, 17, 288], "37": [-4.141061586567214, 18, 287], "38": [-5.085189763379285, 12, 284], "39": [-4.088093731344131, 18, 284], "40": [-4.769362433853795, 14, 285], "41": [-4.853598970783193, 13, 280], "42": [-5.037082501369403, 12, 281], "43": [-4.652670303252616, 14, 278], "44": [-4.919007091373426, 13, 284], "45": [-4.736242827389952, 14, 283], "46": [-5.172469927146462, 11, 279], "47": [-4.818718042486481, 14, 288], "48": [-4.193591169457476, 18, 290], "49": [-4.916292774085253, 14, 294], "50": [-3.7005431975234586, 20, 281], "51": [-5.267035035647234, 11, 285], "52": [-4.17612942707177, 18, 289], "53": [-3.774017230266916, 20, 285], "54": [-3.774017230266916, 20, 285], "55": [-5.188329934285483, 11, 280], "56": [-4.34086826048683, 17, 289], "57": [-4.87001508838866, 13, 281], "58": [-4.306373426350336, 17, 287], "59": [-4.983742632982593, 13, 288], "60": [-3.9627432469436754, 18, 277], "61": [-4.8206367401931445, 13, 278], "62": [-4.967620785482826, 13, 287], "63": [-6.039486979253861, 6, 281], "64": [-4.99982359414707, 13, 289], "65": [-4.35150252552976, 16, 280], "66": [-5.896284689185304, 8, 294], "67": [-4.2890553925896135, 17, 286], "68": [-5.386701074252866, 10, 282], "69": [-4.785857175515051, 14, 286], "70": [-5.49404009439225, 10, 289], "71": [-3.755728387332413, 20, 284], "72": [-3.6096368872851863, 22, 294], "73": [-4.105798964795876, 18, 285], "74": [-4.40329078328521, 16, 283], "75": [-4.375176991616586, 17, 291], "76": [-4.919007091373426, 13, 284], "77": [-5.251372435385144, 11, 284], "78": [-4.669474472318605, 14, 279], "79": [-3.9757497467840914, 19, 287], "80": [-4.50560709390189, 16, 289], "81": [-5.569620717485288, 10, 294], "82": [-4.932411238409901, 14, 295], "83": [-4.556152770568799, 16, 292], "84": [-4.6189252018074525, 14, 276], "85": [-5.19603571424634, 12, 291], "86": [-4.088093731344131, 18, 284], "87": [-5.463556304832192, 10, 287], "88": [-5.063744107211905, 13, 293], "89": [-4.902718849442323, 13, 283], "90": [-5.063744107211905, 13, 293], "91": [-4.484703866312089, 15, 278], "92": [-4.99982359414707, 13, 289], "93": [-5.36020745877229, 11, 291], "94": [-4.50560709390189, 16, 289], "95": [-4.556152770568799, 16, 292], "96": [-4.702947675407917, 14, 281], "97": [-5.749920451402721, 8, 284], "98": [-4.83508476073201, 14, 289], "99": [-4.851409392117472, 14, 290], "100": [-4.386075487704345, 16, 282], "101": [-3.885762694430085, 19, 282], "102": [-4.437580699324836, 16, 285], "103": [-5.29824446504907, 11, 287], "104": [-4.752824419367567, 14, 284], "105": [-4.802308945699703, 14, 287], "106": [-4.902718849442323, 13, 283], "107": [-4.105798964795876, 18, 285], "108": [-4.522500280787474, 16, 290], "109": [-4.867692225194438, 14, 291], "110": [-5.32930126097719, 11, 289], "111": [-5.148767223478705, 12, 288], "112": [-5.037082501369403, 12, 281], "113": [-4.11713665354876, 19, 295], "114": [-5.069194871494694, 12, 283], "115": [-4.552846418795765, 15, 282], "116": [-4.368812849446431, 16, 281], "117": [-4.620256581206572, 15, 286], "118": [-3.3854499011558254, 22, 282], "119": [-4.1586196805020315, 18, 288], "120": [-4.586641747361708, 15, 284], "121": [-4.368812849446431, 16, 281], "122": [-4.306373426350336, 17, 287], "123": [-4.6703459273169505, 15, 289], "124": [-3.980804555490506, 18, 278], "125": [-4.454655986898093, 16, 286], "126": [-4.736242827389952, 14, 283], "127": [-4.785857175515051, 14, 286], "128": [-4.034678023484945, 18, 281], "129": [-6.195056644874123, 6, 292], "130": [-4.088093731344131, 18, 284], "131": [-4.437580699324836, 16, 285], "132": [-4.25427640334999, 17, 284], "133": [-5.267035035647234, 11, 285], "134": [-4.935253301118275, 13, 285], "135": [-3.6448716816094504, 20, 278], "136": [-4.83713962392789, 13, 279], "137": [-4.148770992431034, 17, 278], "138": [-4.919007091373426, 13, 284], "139": [-5.267035035647234, 11, 285], "140": [-4.902718849442323, 13, 283], "141": [-4.620256581206572, 15, 286], "142": [-5.020964452534338, 12, 280], "143": [-3.7922536096641757, 20, 286], "144": [-4.4262968165352286, 17, 294], "145": [-4.088093731344131, 18, 284], "146": [-4.539348736142537, 16, 291], "147": [-4.35150252552976, 16, 280], "148": [-5.11705836413201, 12, 286], "149": [-5.031863969720389, 13, 291], "150": [-4.686233489032049, 14, 280], "151": [-4.17612942707177, 18, 289], "152": [-5.267035035647234, 11, 285], "153": [-4.236814761232839, 17, 283], "154": [-3.939908097531396, 19, 285], "155": [-4.802308945699703, 14, 287], "156": [-5.463556304832192, 10, 287], "157": [-3.921911059338272, 19, 284], "158": [-4.702947675407917, 14, 281], "159": [-4.769362433853795, 14, 285], "160": [-3.9988138658814623, 18, 279], "161": [-4.488668861494256, 16, 288], "162": [-4.522500280787474, 16, 290], "163": [-4.83508476073201, 14, 289], "164": [-4.853598970783193, 13, 280], "165": [-5.251372435385144, 11, 284], "166": [-5.4021469155994355, 10, 283], "167": [-5.39096505113513, 11, 293], "168": [-5.235670893547065, 11, 283], "169": [-4.900133635250293, 14, 293], "170": [-4.306373426350336, 17, 287], "171": [-4.420459075355849, 16, 284], "172": [-4.8020222517681574, 15, 297], "173": [-4.703520480668487, 15, 291], "174": [-5.881796467019967, 8, 293], "175": [-4.802308945699703, 14, 287], "176": [-4.967620785482826, 13, 287], "177": [-4.818718042486481, 14, 288], "178": [-4.702947675407917, 14, 281], "179": [-6.181066181402044, 6, 291], "180": [-4.420459075355849, 16, 284], "181": [-5.735098959704177, 8, 283], "182": [-4.785857175515051, 14, 286], "183": [-4.25427640334999, 17, 284], "184": [-4.358045725122476, 17, 290], "185": [-5.3137918139748175, 11, 288], "186": [-3.589545715326554, 21, 284], "187": [-5.085189763379285, 12, 284], "188": [-4.50560709390189, 16, 289], "189": [-4.437580699324836, 16, 285], "190": [-5.16456242756213, 12, 289], "191": [-4.653693451990368, 15, 288], "192": [-4.17612942707177, 18, 289], "193": [-4.236814761232839, 17, 283], "194": [-4.919007091373426, 13, 284], "195": [-5.430935670626198, 9, 274], "196": [-4.802308945699703, 14, 287], "197": [-4.443246487493216, 17, 295], "198": [-3.701834078921718, 19, 272], "199": [-4.83508476073201, 14, 289], "200": [-3.5522208322472455, 21, 282], "201": [-4.967620785482826, 13, 287], "202": [-5.0531592120700255, 12, 282], "203": [-5.180318503447471, 12, 290], "204": [-4.2890553925896135, 17, 286], "205": [-4.034678023484945, 18, 281], "206": [-4.736242827389952, 14, 283], "207": [-4.902718849442323, 13, 283], "208": [-4.818718042486481, 14, 288], "209": [-4.653693451990368, 15, 288], "210": [-4.736242827389952, 14, 283], "211": [-4.488668861494256, 16, 288], "212": [-4.070338739180468, 18, 283],